
Thanks to the following contributors:
thrasher- | https://github.com/thrasher-
dependabot[bot] | https://github.com/apps/dependabot
shazbert | https://github.com/shazbert
gloriousCode | https://github.com/gloriousCode
gbjk | https://github.com/gbjk
dependabot-preview[bot] | https://github.com/apps/dependabot-preview
xtda | https://github.com/xtda
lrascao | https://github.com/lrascao
Beadko | https://github.com/Beadko
samuael | https://github.com/samuael
vazha | https://github.com/vazha
ydm | https://github.com/ydm
Rots | https://github.com/Rots
ermalguni | https://github.com/ermalguni
MadCozBadd | https://github.com/MadCozBadd
Copilot | https://github.com/apps/copilot-swe-agent
vadimzhukck | https://github.com/vadimzhukck
junnplus | https://github.com/junnplus
geseq | https://github.com/geseq
marcofranssen | https://github.com/marcofranssen
140am | https://github.com/140am
cranktakular | https://github.com/cranktakular
TaltaM | https://github.com/TaltaM
dackroyd | https://github.com/dackroyd
khcchiu | https://github.com/khcchiu
yangrq1018 | https://github.com/yangrq1018
woshidama323 | https://github.com/woshidama323
romanornr | https://github.com/romanornr
crackcomm | https://github.com/crackcomm
azhang | https://github.com/azhang
if1live | https://github.com/if1live
lozdog245 | https://github.com/lozdog245
Asalei | https://github.com/Asalei
soxipy | https://github.com/soxipy
tk42 | https://github.com/tk42
herenow | https://github.com/herenow
mshogin | https://github.com/mshogin
andreygrehov | https://github.com/andreygrehov
bretep | https://github.com/bretep
Christian-Achilli | https://github.com/Christian-Achilli
dsinuela-taurus | https://github.com/dsinuela-taurus
cornelk | https://github.com/cornelk
gam-phon | https://github.com/gam-phon
MarkDzulko | https://github.com/MarkDzulko
MathieuCesbron | https://github.com/MathieuCesbron
aidan-bailey | https://github.com/aidan-bailey
tongxiaofeng | https://github.com/tongxiaofeng
tonywangcn | https://github.com/tonywangcn
varunbhat | https://github.com/varunbhat
idealhack | https://github.com/idealhack
hannut91 | https://github.com/hannut91
vyloy | https://github.com/vyloy
arttobe | https://github.com/arttobe
shoman4eg | https://github.com/shoman4eg
cangqiaoyuzhuo | https://github.com/cangqiaoyuzhuo
dazi005 | https://github.com/dazi005
gcmutator | https://github.com/gcmutator
gopherorg | https://github.com/gopherorg
whilei | https://github.com/whilei
yuhangcangqian | https://github.com/yuhangcangqian
keeghcet | https://github.com/keeghcet
mickychang9 | https://github.com/mickychang9
phieudu241 | https://github.com/phieudu241
quantpoet | https://github.com/quantpoet
snipesjr | https://github.com/snipesjr
snussik | https://github.com/snussik
taewdy | https://github.com/taewdy
threehonor | https://github.com/threehonor
xiiiew | https://github.com/xiiiew
youzichuan | https://github.com/youzichuan
antonzhukov | https://github.com/antonzhukov
blombard | https://github.com/blombard
CodeLingoBot | https://github.com/CodeLingoBot
CodeLingoTeam | https://github.com/CodeLingoTeam
Daanikus | https://github.com/Daanikus
daniel-cohen-deltatre | https://github.com/daniel-cohen-deltatre
merkeld | https://github.com/merkeld
shanhuhai5739 | https://github.com/shanhuhai5739
DirectX | https://github.com/DirectX
dnldd | https://github.com/dnldd
Juneezee | https://github.com/Juneezee
fclairamb | https://github.com/fclairamb
frankzougc | https://github.com/frankzougc
gemscng | https://github.com/gemscng
Jdpurohit | https://github.com/Jdpurohit
jimexist | https://github.com/jimexist
lookfirst | https://github.com/lookfirst
zeldrinn | https://github.com/zeldrinn
roskee | https://github.com/roskee
mattkanwisher | https://github.com/mattkanwisher
mgravitt | https://github.com/mgravitt
mKurrels | https://github.com/mKurrels
m1kola | https://github.com/m1kola
mortensorensen | https://github.com/mortensorensen
Polizo96 | https://github.com/Polizo96
cavapoo2 | https://github.com/cavapoo2
idoall | https://github.com/idoall
starit | https://github.com/starit
